{
  "project": { "name": "Materials for Batteries", "label": "MB" },
  "material": {
    "formula": "Mn6Na12Ni6O24",
    "input": {
      "species": [
        "Na",
        "Na",
        "Ni",
        "Mn",
        "O",
        "O",
        "O",
        "O",
        "Na",
        "Na",
        "Ni",
        "Mn",
        "O",
        "O",
        "Mn",
        "Mn",
        "O",
        "O",
        "O",
        "O",
        "O",
        "O",
        "Na",
        "Na",
        "Na",
        "Na",
        "O",
        "O",
        "Na",
        "O",
        "O",
        "O",
        "O",
        "O",
        "O",
        "O",
        "O",
        "O",
        "O",
        "Ni",
        "Ni",
        "Ni",
        "Mn",
        "Ni",
        "Mn",
        "Na",
        "Na",
        "Na"
      ],
      "sites": [
        [0.0, 1.789, 8.174],
        [1.549, 0.894, 2.725],
        [0.0, 0.0, 0.0],
        [0.0, 0.0, 5.449],
        [1.549, 0.894, -0.954],
        [0.0, 1.789, 4.495],
        [0.0, 1.789, 0.954],
        [1.549, 0.894, 6.403],
        [6.197, 1.789, 8.174],
        [7.747, 0.894, 2.725],
        [6.197, 0.0, 0.0],
        [6.197, 0.0, 5.449],
        [6.197, 1.789, 0.954],
        [7.747, 0.894, 6.403],
        [3.099, 0.0, 0.0],
        [3.099, 0.0, 5.449],
        [4.648, 0.894, -0.954],
        [3.099, 1.789, 4.495],
        [3.099, 1.789, 0.954],
        [4.648, 0.894, 6.403],
        [7.747, 0.894, -0.954],
        [6.197, 1.789, 4.495],
        [3.099, 1.789, 8.174],
        [4.648, 0.894, 2.725],
        [4.648, 4.472, 8.174],
        [6.197, 3.578, 2.725],
        [4.648, 4.472, 0.954],
        [6.197, 3.578, 6.403],
        [-1.549, 4.472, 8.174],
        [-1.549, 4.472, 0.954],
        [3.099, 3.578, -0.954],
        [1.549, 4.472, 4.495],
        [1.549, 4.472, 0.954],
        [3.099, 3.578, 6.403],
        [6.197, 3.578, -0.954],
        [4.648, 4.472, 4.495],
        [0.0, 3.578, -0.954],
        [-1.549, 4.472, 4.495],
        [0.0, 3.578, 6.403],
        [4.648, 2.683, 0.0],
        [4.648, 2.683, 5.449],
        [-1.549, 2.683, 0.0],
        [-1.549, 2.683, 5.449],
        [1.549, 2.683, 0.0],
        [1.549, 2.683, 5.449],
        [0.0, 3.578, 2.725],
        [1.549, 4.472, 8.174],
        [3.099, 3.578, 2.725]
      ],
      "lattice": {
        "a": 9.2958,
        "b": 6.197171739592183,
        "c": 10.8981,
        "alpha": 90.0,
        "beta": 120.0001508506647,
        "gamma": 90.0
      },
      "cell": [
        [9.2958, 0.0, 0.0],
        [-3.0986, 5.3669, 0.0],
        [0.0, 0.0, 10.8981]
      ]
    },
    "output": {
      "species": [
        "Na",
        "Na",
        "Ni",
        "Mn",
        "O",
        "O",
        "O",
        "O",
        "Na",
        "Na",
        "Ni",
        "Mn",
        "O",
        "O",
        "Mn",
        "Mn",
        "O",
        "O",
        "O",
        "O",
        "O",
        "O",
        "Na",
        "Na",
        "Na",
        "Na",
        "O",
        "O",
        "Na",
        "O",
        "O",
        "O",
        "O",
        "O",
        "O",
        "O",
        "O",
        "O",
        "O",
        "Ni",
        "Ni",
        "Ni",
        "Mn",
        "Ni",
        "Mn",
        "Na",
        "Na",
        "Na"
      ],
      "sites": [
        [0.25047105041582, 1.8109582359381, 8.136972830203],
        [1.4956739830763, 0.8752433234445, 2.6618441256294],
        [-0.037434356310049, -0.020255906549026, 0.022979802890734],
        [-0.0088449869828188, -0.0056151779914167, 5.3674672844522],
        [1.7978317943815, 1.076409601038, -1.0602541867279],
        [-0.11427633034664, 1.6007688524148, 4.2413632407062],
        [-0.10069151520667, 1.6101614218539, 1.0184179916057],
        [1.8566867859994, 1.0700401269874, 6.5233113723973],
        [6.5705892089167, 2.1316482054532, 8.1291637416267],
        [7.8323247667503, 1.1845130541695, 2.6541739139826],
        [6.3699611564385, 0.33815128453801, -0.0077569406726126],
        [6.3455874496557, 0.32738599026804, 5.3942053866696],
        [6.271565889581, 1.9500144267605, 1.0207410673245],
        [8.1854377733344, 1.3905206875294, 6.5439243738463],
        [3.1644218165978, 0.1593983276004, 0.014934435219972],
        [3.2090701802159, 0.1852816169679, 5.4159880980704],
        [5.0208693996947, 1.2287566449379, -1.0383885938139],
        [3.135439835758, 1.8122295412542, 4.3033284454437],
        [3.0595835439912, 1.8080971051525, 1.0892066314484],
        [5.0114251990265, 1.2560617275225, 6.499584777545],
        [8.1079415820804, 1.3414330903779, -0.97431511224366],
        [6.2138582779879, 1.9498189933516, 4.2888040924948],
        [3.4330110389592, 1.9905791631101, 8.1219857959696],
        [4.6802126047183, 1.043232614116, 2.6677040044378],
        [5.127764001629, 4.6222661016521, 8.1312058538037],
        [6.3737638483961, 3.6829383757207, 2.6756448707674],
        [4.828703827049, 4.459416944584, 1.0207120981625],
        [6.684837782983, 3.8597898226393, 6.5187215594717],
        [-1.209421031439, 4.3106960048271, 8.1276099605995],
        [-1.5832946893765, 4.0926824930576, 1.0550962080328],
        [3.5427366385137, 3.7140478770453, -1.0031761928201],
        [1.6218264176766, 4.2742235001299, 4.2723648780063],
        [1.6426338542945, 4.2480558404355, 1.0865591685],
        [3.5911848783193, 3.7131971355319, 6.5038817574223],
        [6.6655347527048, 3.849710431771, -0.97662009324084],
        [4.7913349818437, 4.4061315197553, 4.289712875576],
        [0.37587398567337, 3.5142500245003, -1.0571708084931],
        [-1.5543224525221, 4.1128638223928, 4.2532757601391],
        [0.41190975787867, 3.5790602843744, 6.5311078596149],
        [4.9186639848981, 2.8417116297718, -0.0038581744152532],
        [4.894904681541, 2.8272031124795, 5.3914284375512],
        [-1.4766790162525, 2.482561489915, 0.018230324579434],
        [-1.455907973424, 2.4987894771009, 5.3649781200568],
        [1.717667015787, 2.6606777976126, 0.0149484636686],
        [1.7641478332608, 2.6881253756295, 5.4184073194991],
        [0.051277639615097, 3.3583186607937, 2.6598247522436],
        [1.9840167086678, 4.4697836797869, 8.1403583140758],
        [3.2307176104643, 3.5319854613233, 2.658303674865]
      ],
      "lattice": {
        "a": 9.509552586940014,
        "b": 5.780454151890555,
        "c": 10.764859474084856,
        "alpha": 89.99420734587778,
        "beta": 117.13279435162953,
        "gamma": 89.65063053116737
      },
      "cell": [
        [9.4974797270795, 0.47810505533726, 0.029745479528267],
        [-2.8915183359738, 5.0052744061721, -0.00018372422247841],
        [0.031023356615597, 0.019574039641932, 10.764796974635]
      ]
    }
  },
  "process": {
    "method": "dft",
    "agent": { "name": "Quantum Espresso", "version": "6.7" },
    "isExperiment": false
  },
  "parameters": [
    { "name": "calculation", "value": "vc-relax" },
    { "name": "exchange_correlation", "value": "pbe" }
  ],
  "properties": [
    { "name": "volume", "value": 526.60696977387 },
    { "name": "number_of_atoms", "value": 48 },
    { "name": "number_of_electrons", "value": 402.0 },
    { "name": "total_energy", "value": -52098.217068389 },
    { "name": "formation_energy_per_atom", "value": -1.7458556275646515 },
    { "name": "energy_gap", "value": -4.3509440708884 },
    { "name": "fermi_energy", "value": 7.9347 },
    { "name": "absolute_magnetization", "value": 31.71 },
    { "name": "total_magnetization", "value": 28.0 }
  ]
}
